{
  "Abades": [28.143245801349316, -16.441629136808686],
  "Acantilados de Los Gigantes": [28.248223369877536, -16.842924579960197],
  "Agulo": [28.189312614691126, -17.1876006663847],
  "Ajuy": [28.399595277710223, -14.156636256821297],
  "Alegranza": [29.393626437750267, -13.496065736141286],
  "Alojera": [28.16227, -17.327888],
  "Amarilla": [21.44893605033506, -97.6870131423768],
  "Arenas del Mar": [28.0517411, -16.529014],
  "Arguamul": [28.1994042, -17.2951272],
  "Arinaga": [27.8572312, -15.3941638],
  "Arrecife": [28.9639681, -13.5499014],
  "Bahía de Santa Águeda": [27.753330077893708, -15.67522328579661],
  "Bajamar (La Palma)": [28.771831683485686, -17.750202868741685],
  "Bajamar (Tenerife)": [28.555937494372003, -16.34422032462755],
  "Buenavista del Norte": [28.375670857094136, -16.864260447740595],
  "Caleta de Famara": [29.017724, -13.551167],
  "Caleta de Arriba": [28.165563224825615, -15.649061547430232],
  "Caleta de Sebo": [29.231552538339685, -13.502285116331672],
  "Callao Salvaje": [28.13028725821264, -16.78446487097996],
  "Castillo Caleta de Fuste": [28.39605013588026, -13.854551582538592],
  "Castillo del Romeral": [27.797765773593916, -15.460454944687829],
  "Candelaria": [28.355319266571353, -16.36990689083588],
  "Charco del Palo": [29.08254464917269, -13.451464309695544],
  "Corralejo": [28.73060500899778, -13.858529134384895],
  "Cofete": [28.1115036542232, -14.37946242924067],
  "Costa Adeje": [28.079625419798337, -16.734338002612844],
  "Costa Calma": [28.15957945186432, -14.226741506053914],
  "Costa Teguise": [28.999952855338673, -13.487686392924223],
  "El Burrero": [27.90998509207549, -15.386859353335009],
  "El Cotillo": [28.685980222761092, -14.013605316723742],
  "Chinguaro": [28.226931, -16.419205],
  "Chinguaro": [28.226931, -16.419205],
  "Chinguaro": [28.226931, -16.419205],
  "Chío": [28.135141, -16.693056],
  "Cueva de las Palomas": [28.171967, -16.400493],
  "Cueva del Hierro": [28.453289, -16.747812],
  "El Confital": [28.1393503, -15.4260451],
  "El Médano": [28.0477023, -16.5363877],
  "El Rincón": [28.4508222, -16.2666944],
  "El Roque de los Muchachos": [28.751085, -17.891347],
  "El Sauzal": [28.388945, -16.466563],
  "Famara": [29.017142, -13.550233],
  "Fuerteventura": [28.307129, -14.053106],
  "Güímar": [28.303379, -16.529429],
  "Güímar (sur)": [28.296315, -16.532444],
  "La Caleta de Adeje": [28.095252, -16.729857],
  "La Caleta de El Hierro": [27.804250270324417, -17.88422509752604],
  "La Palma": [28.684340, -17.759443],
  "La Restinga": [27.740874, -17.972773],
  "La Santa": [29.0315033, -13.5209132],
  "La Tejita": [28.050437, -16.570129],
  "Las Galletas": [28.049878, -16.596535],
  "Las Playas": [28.050883, -16.634252],
  "Las Teresitas": [28.4673907, -16.1438464],
  "Los Abrigos": [28.060561, -16.622296],
  "Los Cancajos": [28.674383, -17.747634],
  "Los Cristianos": [28.059238, -16.730818],
  "Los Gigantes": [28.3145733, -16.8662687],
  "Los Patos": [28.421786, -16.612396],
  "Los Realejos": [28.3736406, -16.5514191],
  "Mar de Las Calmas": [27.742004, -17.941739],
  "Melenara": [27.946758, -15.389002],
  "Mogán": [27.854862, -15.736366],
  "Pajonales": [28.207155, -16.523702],
  "Playa de la Arena": [28.197086, -16.799306],
  "Playa de Las Américas": [28.079278, -16.744278],
  "Playa de los Cristianos": [28.059396, -16.730907],
  "Playa del Duque": [28.078205, -16.730413],
  "Playa del Inglés": [27.759413, -15.578717],
  "Playa del Matorral": [28.044184349454863, -14.333524729365076],
  "Playa de Jandía": [28.053631854324436, -14.319988628258034],
  "Playa Blanca": [28.875239, -13.818181],
  "Playa de las Teresitas": [28.4673907, -16.1438464],
  "Puerto de la Cruz": [28.412402, -16.546056],
  "Puerto de Mogán": [27.856258, -15.737425],
  "San Andrés": [28.4695692, -16.1472857],
  "San Sebastián de La Gomera": [28.092504, -17.120435],
  "Santa Cruz de Tenerife": [28.463629, -16.251847],
  "Tazacorte": [28.614362, -17.909716],
  "Tenerife": [28.29156, -16.62913],
  "Vega de San Mateo": [27.981484, -15.561792],
  "Ventura": [28.289392, -16.503964],
  "Vega Baja": [28.376578, -16.602963]
}
